Workbook

Sheet Summary
B1: Implied | C1: Best Bid to Hit After Commissions | J1: 46042.313 | K1: = now | L1: Best Ask to Lift After Commissions | R1: Implied
B2: Rate | C2: Venue | D2: Mkt_Price | E2: Mkt_Size | F2: Crypto_Price | G2: Crypto_Size | H2: Cashflow | I2: type | J2: settlement_date | K2: days_fwd | L2: Cashflow | M2: Crypto_Size | N2: Crypto_Price | O2: Mkt_Price | P2: Mkt_Size | Q2: Venue | R2: Rate
A3: Buy | I3: Native | J3: 46042 | S3: Sell
A4: Sell | I4: Contract | J4: 46043.125 | S4: Buy
I5: ETF | J5: =J3+1 -> 46043
I6: Contract | J6: 46044.125
I7: Contract | J7: 46045.125
I8: Contract | J8: 46046.125
I9: Contract | J9: 46052.125
I10: Contract | J10: 46059.125
I11: Contract | J11: 46080.125
I12: Contract | J12: 46108.167
I13: Contract | J13: 46199.167
I14: Contract | J14: 46290.167
I15: Contract | J15: 46381.125
I18: Contract could be future or options combo

Sheet Native
A1: Product | B1: Settle_Date | C1: Ratio | D1: Est_Comm_per_Share | E1: Mkt_Bid_Size | F1: Mkt_Bid_Price | G1: Mkt_Ask_Price | H1: Mkt_Ask_Size | I1: Unit_Bid_Size | J1: Unit_Bid_Price | K1: Unit_Hit_Bid_CF | L1: Unit_Lift_Ask_CF | M1: Unit_Ask_Price | N1: Unit_Ask_Size | O1: Est_Comm_per_Unit
A2: Binance | B2: =Summary!J4 -> 46043.125 | C2: 1 | D2: 0.0025 | F2: =ETF!J2 -> 89495.795 | G2: =ETF!M2 -> 89556.041 | I2: =E2 -> 0 | J2: =F2 -> 89495.795 | K2: =J2-O2 -> 89271.98 | L2: =-M2-O2 -> -89779.856 | M2: =G2 -> 89556.041 | N2: =H2 -> 0 | O2: =AVERAGE(F2:G2)*D2 -> 223.81479
A3: Bitfinex | B3: =B2 -> 46043.125 | C3: 1 | D3: 0.0025 | F3: =ETF!J3 -> 90184.754 | G3: =ETF!M3 -> 90203.159 | I3: =E3 -> 0 | J3: =F3 -> 90184.754 | K3: =J3-O3 -> 89959.269 | L3: =-M3-O3 -> -90428.644 | M3: =G3 -> 90203.159 | N3: =H3 -> 0 | O3: =AVERAGE(F3:G3)*D3 -> 225.48489
A4: Bitget | B4: =B3 -> 46043.125 | C4: 1 | D4: 0.0025 | F4: =ETF!J4 -> 88252.791 | G4: =ETF!M4 -> 88323.649 | I4: =E4 -> 0 | J4: =F4 -> 88252.791 | K4: =J4-O4 -> 88032.071 | L4: =-M4-O4 -> -88544.369 | M4: =G4 -> 88323.649 | N4: =H4 -> 0 | O4: =AVERAGE(F4:G4)*D4 -> 220.72055
A5: Bitstamp | B5: =B4 -> 46043.125 | C5: 1 | D5: 0.0025 | F5: =ETF!J5 -> 89537.941 | G5: =ETF!M5 -> 89560.541 | I5: =E5 -> 0 | J5: =F5 -> 89537.941 | K5: =J5-O5 -> 89314.068 | L5: =-M5-O5 -> -89784.414 | M5: =G5 -> 89560.541 | N5: =H5 -> 0 | O5: =AVERAGE(F5:G5)*D5 -> 223.8731
A6: ByBit | B6: =B5 -> 46043.125 | C6: 1 | D6: 0.0025 | F6: =ETF!J6 -> 87643.826 | G6: =ETF!M6 -> 87653.277 | I6: =E6 -> 0 | J6: =F6 -> 87643.826 | K6: =J6-O6 -> 87424.705 | L6: =-M6-O6 -> -87872.398 | M6: =G6 -> 87653.277 | N6: =H6 -> 0 | O6: =AVERAGE(F6:G6)*D6 -> 219.12138
A7: Coinbase | B7: =B6 -> 46043.125 | C7: 1 | D7: 0.0025 | F7: =ETF!J7 -> 87573.6 | G7: =ETF!M7 -> 87590.89 | I7: =E7 -> 0 | J7: =F7 -> 87573.6 | K7: =J7-O7 -> 87354.645 | L7: =-M7-O7 -> -87809.846 | M7: =G7 -> 87590.89 | N7: =H7 -> 0 | O7: =AVERAGE(F7:G7)*D7 -> 218.95561
A8: Huobi | B8: =B7 -> 46043.125 | C8: 1 | D8: 0.0025 | F8: =ETF!J8 -> 90104.226 | G8: =ETF!M8 -> 90115.706 | I8: =E8 -> 0 | J8: =F8 -> 90104.226 | K8: =J8-O8 -> 89878.951 | L8: =-M8-O8 -> -90340.981 | M8: =G8 -> 90115.706 | N8: =H8 -> 0 | O8: =AVERAGE(F8:G8)*D8 -> 225.27491
A9: Kraken | B9: =B8 -> 46043.125 | C9: 1 | D9: 0.0025 | F9: =ETF!J9 -> 90180.129 | G9: =ETF!M9 -> 90192.937 | I9: =E9 -> 0 | J9: =F9 -> 90180.129 | K9: =J9-O9 -> 89954.663 | L9: =-M9-O9 -> -90418.404 | M9: =G9 -> 90192.937 | N9: =H9 -> 0 | O9: =AVERAGE(F9:G9)*D9 -> 225.46633
A10: LMAX Digital | B10: =B9 -> 46043.125 | C10: 1 | D10: 0.0025 | F10: =ETF!J10 -> 90073.906 | G10: =ETF!M10 -> 90091.529 | I10: =E10 -> 0 | J10: =F10 -> 90073.906 | K10: =J10-O10 -> 89848.699 | L10: =-M10-O10 -> -90316.736 | M10: =G10 -> 90091.529 | N10: =H10 -> 0 | O10: =AVERAGE(F10:G10)*D10 -> 225.20679
A11: OKX | B11: =B10 -> 46043.125 | C11: 1 | D11: 0.0025 | F11: =F8 -> 90104.226 | G11: =G10 -> 90091.529 | I11: =E11 -> 0 | J11: =F11 -> 90104.226 | K11: =J11-O11 -> 89878.981 | L11: =-M11-O11 -> -90316.774 | M11: =G11 -> 90091.529 | N11: =H11 -> 0 | O11: =AVERAGE(F11:G11)*D11 -> 225.24469

Sheet ETF
A1: Product | B1: Settle_Date | C1: Ratio | D1: Est_Comm_per_Share | E1: Mkt_Bid_Size | F1: Mkt_Bid_Price | G1: Mkt_Ask_Price | H1: Mkt_Ask_Size | I1: Unit_Bid_Size | J1: Unit_Bid_Price | K1: Unit_Hit_Bid_CF | L1: Unit_Lift_Ask_CF | M1: Unit_Ask_Price | N1: Unit_Ask_Size | O1: Est_Comm_per_Unit
A2: ARKB | B2: =Summary!J6 -> 46044.125 | C2: =1004.10405621845*3 -> 3012.3122 | D2: 0.002 | E2: 1000 | F2: 29.71 | G2: 29.73 | H2: 1000 | I2: =E2/C2 -> 0.33197091 | J2: =F2*C2 -> 89495.795 | K2: =J2-O2 -> 89489.77 | L2: =-M2-O2 -> -89562.065 | M2: =G2*C2 -> 89556.041 | N2: =H2/C2 -> 0.33197091 | O2: =C2*D2 -> 6.0246243
A3: BITB | B3: =B2 -> 46044.125 | C3: 1840.5052 | D3: =D2 -> 0.002 | E3: 1000 | F3: 49 | G3: 49.01 | H3: 1000 | I3: =E3/C3 -> 0.54332909 | J3: =F3*C3 -> 90184.754 | K3: =J3-O3 -> 90181.073 | L3: =-M3-O3 -> -90206.84 | M3: =G3*C3 -> 90203.159 | N3: =H3/C3 -> 0.54332909 | O3: =C3*D3 -> 3.6810104
A4: BRRR | B4: =B3 -> 46044.125 | C4: 3542.866 | D4: =D3 -> 0.002 | E4: 1000 | F4: 24.91 | G4: 24.93 | H4: 1000 | I4: =E4/C4 -> 0.28225736 | J4: =F4*C4 -> 88252.791 | K4: =J4-O4 -> 88245.705 | L4: =-M4-O4 -> -88330.734 | M4: =G4*C4 -> 88323.649 | N4: =H4/C4 -> 0.28225736 | O4: =C4*D4 -> 7.0857319
A5: BTC | B5: =B4 -> 46044.125 | C5: 2259.9178 | D5: =D4 -> 0.002 | E5: 1000 | F5: 39.62 | G5: 39.63 | H5: 1000 | I5: =E5/C5 -> 0.44249398 | J5: =F5*C5 -> 89537.941 | K5: =J5-O5 -> 89533.422 | L5: =-M5-O5 -> -89565.06 | M5: =G5*C5 -> 89560.541 | N5: =H5/C5 -> 0.44249398 | O5: =C5*D5 -> 4.5198355
A6: BTCW | B6: =B5 -> 46044.125 | C6: 945.0488 | D6: =D5 -> 0.002 | E6: 1000 | F6: 92.74 | G6: 92.75 | H6: 1000 | I6: =E6/C6 -> 1.0581464 | J6: =F6*C6 -> 87643.826 | K6: =J6-O6 -> 87641.936 | L6: =-M6-O6 -> -87655.167 | M6: =G6*C6 -> 87653.277 | N6: =H6/C6 -> 1.0581464 | O6: =C6*D6 -> 1.8900976
A7: EZBC | B7: =B6 -> 46044.125 | C7: 1728.9951 | D7: =D6 -> 0.002 | E7: 1000 | F7: 50.65 | G7: 50.66 | H7: 1000 | I7: =E7/C7 -> 0.57837065 | J7: =F7*C7 -> 87573.6 | K7: =J7-O7 -> 87570.142 | L7: =-M7-O7 -> -87594.348 | M7: =G7*C7 -> 87590.89 | N7: =H7/C7 -> 0.57837065 | O7: =C7*D7 -> 3.4579901
A8: FBTC | B8: =B7 -> 46044.125 | C8: 1147.9708 | D8: =D7 -> 0.002 | E8: 1000 | F8: 78.49 | G8: 78.5 | H8: 1000 | I8: =E8/C8 -> 0.87110232 | J8: =F8*C8 -> 90104.226 | K8: =J8-O8 -> 90101.93 | L8: =-M8-O8 -> -90118.002 | M8: =G8*C8 -> 90115.706 | N8: =H8/C8 -> 0.87110232 | O8: =C8*D8 -> 2.2959415
A9: GBTC | B9: =B8 -> 46044.125 | C9: 1280.7858 | D9: =D8 -> 0.002 | E9: 1000 | F9: 70.41 | G9: 70.42 | H9: 1000 | I9: =E9/C9 -> 0.78077067 | J9: =F9*C9 -> 90180.129 | K9: =J9-O9 -> 90177.568 | L9: =-M9-O9 -> -90195.499 | M9: =G9*C9 -> 90192.937 | N9: =H9/C9 -> 0.78077067 | O9: =C9*D9 -> 2.5615716
A10: IBIT | B10: =B9 -> 46044.125 | C10: 1762.3539 | D10: =D9 -> 0.002 | E10: 1000 | F10: 51.11 | G10: 51.12 | H10: 1000 | I10: =E10/C10 -> 0.56742294 | J10: =F10*C10 -> 90073.906 | K10: =J10-O10 -> 90070.381 | L10: =-M10-O10 -> -90095.054 | M10: =G10*C10 -> 90091.529 | N10: =H10/C10 -> 0.56742294 | O10: =C10*D10 -> 3.5247077

Sheet CME-Fut
A1: Product | B1: Settle_Date | C1: Ratio | D1: Est_Comm_per_Share | E1: Mkt_Bid_Size | F1: Mkt_Bid_Price | G1: Mkt_Ask_Price | H1: Mkt_Ask_Size | I1: Unit_Bid_Size | J1: Unit_Bid_Price | K1: Unit_Hit_Bid_CF | L1: Unit_Lift_Ask_CF | M1: Unit_Ask_Price | N1: Unit_Ask_Size
A2: CME-Fut | B2: =Summary!J6 -> 46044.125 | C2: 5 | D2: 5 | I2: =E2 -> 0 | J2: =E2 -> 0 | K2: =J2-O2 -> 0 | L2: =-M2-O2 -> 0 | N2: =D2/C2 -> 1
A3: CME-Fut | B3: =B2 -> 46044.125 | C3: 5 | D3: 5 | K3: =J3-O3 -> 0 | L3: =-M3-O3 -> 0 | N3: =D3/C3 -> 1
A4: CME-Fut | B4: =B3 -> 46044.125 | C4: 5 | D4: 5 | K4: =J4-O4 -> 0 | L4: =-M4-O4 -> 0 | N4: =D4/C4 -> 1

Sheet CME-Combo
A1: Product | B1: Settle_Date | C1: Ratio | D1: Est_Comm_per_Share | E1: Mkt_Bid_Size | F1: Mkt_Bid_Price | G1: Mkt_Ask_Price | H1: Mkt_Ask_Size | I1: Unit_Bid_Size | J1: Unit_Bid_Price | K1: Unit_Hit_Bid_CF | L1: Unit_Lift_Ask_CF | M1: Unit_Ask_Price | N1: Unit_Ask_Size
A2: CME-Combo | B2: =Summary!J6 -> 46044.125 | C2: 1002.4142
A3: CME-Combo | B3: =B2 -> 46044.125 | C3: 1837.5952
A4: CME-Combo | B4: =B3 -> 46044.125 | C4: 3535.9394
A5: CME-Combo | B5: =B4 -> 46044.125 | C5: 2257.1998
A6: CME-Combo | B6: =B5 -> 46044.125 | C6: 603.64465
A7: CME-Combo | B7: =B6 -> 46044.125 | C7: 943.19472
A8: CME-Combo | B8: =B7 -> 46044.125 | C8: 1726.362
A9: CME-Combo | B9: =B8 -> 46044.125 | C9: 1145.7186
A10: CME-Combo | B10: =B9 -> 46044.125 | C10: 1265.5472
A11: CME-Combo | B11: =B10 -> 46044.125 | C11: 3535.8033
A12: CME-Combo | B12: =B11 -> 46044.125 | C12: 1759.3981

Sheet IBIT-Combo
A1: Product | B1: Settle_Date | C1: Ratio | D1: Est_Comm_per_Share | E1: Mkt_Bid_Size | F1: Mkt_Bid_Price | G1: Mkt_Ask_Price | H1: Mkt_Ask_Size | I1: Unit_Bid_Size | J1: Unit_Bid_Price | K1: Unit_Hit_Bid_CF | L1: Unit_Lift_Ask_CF | M1: Unit_Ask_Price | N1: Unit_Ask_Size
A2: IBIT-Combo | B2: =Summary!J6 -> 46044.125 | C2: =ETF!C2 -> 3012.3122
A3: IBIT-Combo | B3: =B2 -> 46044.125 | C3: =ETF!C3 -> 1840.5052
A4: IBIT-Combo | B4: =B3 -> 46044.125 | C4: =ETF!C4 -> 3542.866
A5: IBIT-Combo | B5: =B4 -> 46044.125 | C5: =ETF!C5 -> 2259.9178
A6: IBIT-Combo | B6: =B5 -> 46044.125 | C6: =ETF!#REF! -> #REF!
A7: IBIT-Combo | B7: =B6 -> 46044.125 | C7: =ETF!C6 -> 945.0488
A8: IBIT-Combo | B8: =B7 -> 46044.125 | C8: =ETF!C7 -> 1728.9951
A9: IBIT-Combo | B9: =B8 -> 46044.125 | C9: =ETF!C8 -> 1147.9708
A10: IBIT-Combo | B10: =B9 -> 46044.125 | C10: =ETF!C9 -> 1280.7858
A11: IBIT-Combo | B11: =B10 -> 46044.125 | C11: =ETF!#REF! -> #REF!
A12: IBIT-Combo | B12: =B11 -> 46044.125 | C12: =ETF!C10 -> 1762.3539
